Model,R2_Score_Train,R2_Score_Test,MSE_Train,MSE_Test
Linear Regression,0.7444974602765957,0.7341747518573214,0.3304493005736733,0.33896744516638166
Decision Tree,1.0,0.6606706950908485,7.771877298322273e-32,0.4326962482262133
Random Forest,0.9754857184498538,0.8216210952881664,0.03170507503010107,0.22746011533597432
